AvgTN,盐度1,pH1,溶解氧,导电率,蜕壳数,死亡数
0.978873239,0.7857142860000002,0.8208955220000002,-1.4631285683134765e-17,-1.7213277274276194e-18,-4.3033193185690484e-19,-0.2468515912484773
0.9759197536309951,0.7066582494142439,0.7653259189541813,0.05986978668656521,0.006060419436863197,0.16081673327379142,-0.2022147017810532
0.9683192237596806,0.6578360317116234,0.7250255239599368,0.1167050012277299,0.011407556978419246,0.29465914938288235,-0.16213229448490657
0.9572096824732923,0.6339348314879248,0.6976729369690883,0.17057474515026777,0.016069955793467424,0.40393514155463184,-0.12636273346506877
0.9437291628590673,0.629641847338935,0.6809467579334573,0.2215481199809525,0.02007615905080702,0.4910526030163991,-0.09466438282657093
0.9290156980042404,0.6396442778604399,0.6725255868048647,0.269694227246558,0.023454709919237336,0.5584194269955431,-0.06679560667444392
0.9142073209960487,0.6586293216482264,0.6700880235351327,0.3150821684738579,0.026234151567557637,0.6084435067194234,-0.04251476911371897
0.900442064921728,0.6812841772980807,0.6713126680760824,0.3577810451896258,0.028443027164567206,0.6435327354153985,-0.021580234249427097
0.8888579628685142,0.7022960434057893,0.673878120379535,0.39785995892063547,0.030109879879065334,0.666095006310828,-0.0037503661865993824
0.8805930479236437,0.716352118567139,0.6754629803973122,0.43538801119366083,0.03126325287985132,0.6785382126330708,0.01121647096973308
0.8767853531743524,0.7181396013779157,0.6737458480812354,0.47043430353547533,0.03193168933572443,0.6832702476094861,0.023561913114539222
0.8784601703118982,0.702788262179352,0.666565705336177,0.503067937472853,0.03214373241548398,0.6826251642349728,0.033527596142787976
0.8849833721049053,0.6719419997092931,0.654122165185972,0.5333580145325674,0.03192792528792922,0.6778501753253381,0.041355155949448275
0.8944573409149053,0.6322046047662474,0.6384122377630526,0.5613736362413925,0.03131281112185947,0.669364967794644,0.047286228429489
0.9049527524637556,0.5903043340801685,0.6214780379526472,0.5871839041261016,0.030326933086073968,0.6575684622215375,0.05156244947787911
0.9145402824733144,0.5529694443810103,0.6053616806399861,0.6108579197134686,0.028998834349372067,0.6428595791846659,0.05442545498958751
0.9213318932937578,0.5268162398131793,0.5920883783090991,0.6324647845302671,0.027357058080552967,0.6256726479181891,0.05611688085958312
0.9249868468273226,0.5142653758928735,0.5830498919157945,0.6520736001032713,0.025430147448416027,0.6077690083385747,0.0568783629828349
0.9271416341972534,0.5123760646732417,0.5788285212678921,0.6697534679592545,0.023246645621760504,0.592605731673109,0.056951537254311714
0.9295616427414672,0.5178580039678945,0.5799537971382442,0.6855734896249908,0.0208350957693857,0.5837504344236194,0.056578039568982524
0.9340122597978824,0.5274208915904426,0.5869552502997039,0.6996027666272533,0.018224041060090866,0.5847707330919338,0.055999505821816245
0.9422532386232539,0.5377798807617546,0.6003553438518296,0.7119104004928164,0.015442024662675346,0.5992230604072932,0.055457150124981015
0.954967591955275,0.5466927184946619,0.6193258237156428,0.7225654927484533,0.012517589745938343,0.628526495952353,0.05511157883602366
0.9704913546100797,0.554189699892801,0.6400942692834846,0.7316371449209382,0.009479279478679213,0.6694413175308794,0.05494769709473849
0.9868514081022713,0.56060046916689,0.6585004425787148,0.7391944585370449,0.006355637029697233,0.7181141269772626,0.054927265975075856
1.0020746339464544,0.566254670527647,0.6703841056246935,0.7453065351235465,0.0031752055677916387,0.7706915261258921,0.055012046550986085
1.0141879141346175,0.5714819482076903,0.6715850224617239,0.7500424762072169,-3.3471738238208606e-05,0.8233201172217112,0.05516379989641948
1.021653825508968,0.5766319338814438,0.659783758690673,0.7534713833148303,-0.0032418517195930852,0.8725212019583669,0.05534428708532637
1.0246241115459023,0.5821317495121996,0.639797573345244,0.7556623579731602,-0.006421391207473693,0.9162687726139409,0.0555152691916571
1.0236598140240545,0.5884272935670185,0.6181730021607574,0.7566845017089799,-0.009543547033080718,0.9528888197702071,0.05563850728936197
1.0193219747220597,0.5959644645129616,0.6014565808725343,0.7566069160490638,-0.012579776027614897,0.9807073340089392,0.05567576245239133
1.012171635418552,0.6051891608170898,0.5961948452158943,0.7554987025201854,-0.015501535022276938,0.9980503059119106,0.05558879575469548
1.0028702786780632,0.6165913101005682,0.607520149831155,0.7534289626491181,-0.018280280848267574,1.0035629288519812,0.05535536949355628
0.9927926217946588,0.6309734930720341,0.6305226831032152,0.7504667979626358,-0.020887470336787478,0.9981570701864143,0.055066871403303984
0.9836220191791958,0.6492735843952255,0.6559471001569063,0.7466813099875125,-0.023294560319037413,0.9837254520938761,0.05486385820266167
0.9770430596081305,0.6724299998295391,0.6745206765587685,0.7421416002505214,-0.025473007626218055,0.9621647195911581,0.054887083257157195
0.9747403318579182,0.7013811551343705,0.6769706878753421,0.736916770278437,-0.027394269089530146,0.9353715176950502,0.05527729993231839
0.9782370860220694,0.7367486148172638,0.6548247878286501,0.7310759215980327,-0.02902980154017438,0.9052332824471994,0.05616695210175181
0.9867765787259485,0.7746762894753058,0.6109213519913915,0.7246881557360818,-0.030351061809351473,0.8735073112095798,0.05757105620654582
0.9979130808573348,0.8079911093289908,0.5564775728734533,0.7178225742193585,-0.03132950672826213,0.8418544965180388,0.059417640167209525
1.0091610720482938,0.8294418589925917,0.5029080417193026,0.7105482785746362,-0.031936593128107114,0.8119334596819667,0.0616326825189971
1.0180350319308913,0.8317773230803812,0.4616273497734082,0.702934370328689,-0.032143777840087095,0.7854028220107556,0.06414216179716264
1.0220991596196332,0.8079881287953472,0.4437813060800555,0.6950499510082904,-0.03192251769540276,0.7637983538347449,0.06687205653696027
1.0206729508370982,0.7596029140924758,0.4510266328882759,0.6869641221402141,-0.031244269525254886,0.7443186945198301,0.06974834527364411
1.0152583877070656,0.6987662392009919,0.4732215889878765,0.678745985251234,-0.030080490160844187,0.7187698168554494,0.07269700654246826
1.0074938826131297,0.6382862804135541,0.4994868948113628,0.6704646418681236,-0.028402636433371292,0.6786205905445228,0.07564401887868688
0.9990178479388861,0.5909712140228212,0.51894327079124,0.6621891935176571,-0.026182165174037042,0.6153398852899703,0.07851536081755406
0.9914642518429138,0.5695913663527326,0.520747487078551,0.6539887417266075,-0.02339053321404204,0.5204501677568256,0.0812370108943239
0.9857162475945825,0.580522626008824,0.5001466142327645,0.6459323880217493,-0.01999919738458704,0.3945286660200545,0.0837349476442506
0.9810672645569024,0.616601738120973,0.4652829068265163,0.6380892339298556,-0.015979614516872756,0.25732453839551095,0.08593514960258819
0.9766082801515601,0.6689412327716848,0.42594082599847055,0.6305283809777005,-0.011303241442099932,0.13102849577347342,0.08776359530459082
0.971430271800242,0.7286536400434646,0.3919048328872918,0.6233189306920576,-0.005941534991469308,0.03783124904422121,0.08914626328551263
0.9646242181312161,0.7868514962945714,0.37295936493348547,0.6165299845002535,0.00013404784359023224,-7.655723601101376e-05,0.09000913208060775
0.9554230460399235,0.8353856487836187,0.3761008897691803,0.6102189443937232,0.006933200011718957,0.031691853106800526,0.09027818022513026
0.9435930915407373,0.8688813482522582,0.3978493222040552,0.6043992485599351,0.014394780248082273,0.11819810391539205,0.08987938625433428
0.929025961547285,0.8826154128917365,0.432264163180517,0.5990740103061456,0.02244101190366266,0.23761681978011687,0.08873872870347399
0.9116132629731941,0.8718646608933011,0.4734049136409725,0.5942463429396108,0.03099411832944287,0.3681226252913285,0.08678218610780344
0.891246602732091,0.8319059104481982,0.5153310745278284,0.5899193597675862,0.03997632287640547,0.48789014503938,0.08393573700257678
0.8681060466357765,0.7596176838285744,0.5524714845290607,0.5860961740973284,0.04930984889553305,0.5775429030889461,0.0801463261585587
0.844353397155035,0.6628823437638158,0.5817923634104251,0.5827798992360931,0.058916919737808215,0.6345285668858751,0.0755049381309525
0.8229831448127731,0.5542058574539879,0.6013260902064005,0.5799736484911365,0.0687197587542136,0.6633639889350681,0.07016308025279303
0.8069926545466314,0.4461101526461879,0.6091087243019948,0.5776805351697143,0.07864058929573195,0.66859042436093,0.06427246877996903
0.7993792912942518,0.3511171570875162,0.6031763250822147,0.5759036725790831,0.08860163471334573,0.6547491282878646,0.0579848199683694
0.8028288307712604,0.2810076300574991,0.5818170400205418,0.5746461740264985,0.09852511835803764,0.6264115274762405,0.05146070031107224
0.8157969134152074,0.23750022771989512,0.5467413644795817,0.5739111528192168,0.10833326358079025,0.5885586588162673,0.044980827121236425
0.8336905907154477,0.21506201395173033,0.5021262236795712,0.573701722264494,0.11794829373258622,0.5464667584844243,0.038912508432680085
0.8518496108893808,0.20799996024103523,0.4522029938678574,0.5740209956695859,0.12729243216440808,0.5054185797305575,0.03362496393045427
0.8656137221544062,0.21062103807584032,0.40120305129178724,0.5748720863417484,0.13628790222723858,0.4706968758045135,0.029487413299610018
0.8704319877751414,0.21730054284224837,0.3533155573040495,0.5762581075882383,0.1448569272720603,0.4474633556471842,0.02686361642736934
0.8653946132679288,0.2246895502366281,0.31132354994215156,0.5781821727163108,0.1529217306498557,0.43684789947244784,0.025935474426091676
0.8539970969801748,0.23219252431339493,0.27630884698585584,0.5806473950332225,0.16040453571160765,0.43510241652812776,0.026664863728576398
0.8399988233169582,0.23937886272545805,0.2492513596392992,0.583656887846229,0.16722756580829862,0.43818661561657596,0.02900048083895386
0.8271591766833583,0.24581796312572646,0.23113099910661766,0.5872137644625867,0.17331304429091127,0.44206020554014386,0.0328910222613544
0.8192266866732617,0.2510765976389041,0.22292215173592692,0.5913211381895515,0.1785831945104282,0.44269654848910356,0.038285184499908365
0.818318358272755,0.25432691025665527,0.2247687943552984,0.5959821223343795,0.1829602398178321,0.43812116932876255,0.045131664058746065
0.8231951514506542,0.2539292951672822,0.23510675197044442,0.6011998302043267,0.18636640356410547,0.4305808901621469,0.05337915744199785
0.8322049316969621,0.24814422854242735,0.2521615937403411,0.6069773751066491,0.18872390910023107,0.42284213118270064,0.06297636115379407
0.8436955645016818,0.23523218655373332,0.2741588888239647,0.6133178703486024,0.18995497977719134,0.41767131258386764,0.07387197169826505
0.8560149221815049,0.2134536840406212,0.2993241816562845,0.6202244289574612,0.1899818398573963,0.4178348267605571,0.08601468557954102
0.8677561804559081,0.182458685122668,0.3249946089435034,0.6276901033719801,0.1887594639208328,0.4251001813514551,0.09935319930175249
0.878406012533213,0.1469581087558053,0.34527135523741775,0.6356713011638767,0.18636211688827237,0.43759652834587953,0.11383620936902974
0.8876544655029198,0.11281482568137491,0.3535190522095274,0.6441160889649925,0.18289121601151717,0.45262487357856535,0.12941241228550313
0.8951915864545283,0.08589170664071848,0.34310233153133246,0.6529725334071688,0.17844817854236977,0.4674862228842474,0.14603050455530292
0.9007074224775379,0.0720516223751776,0.3073858248743326,0.6621887011222465,0.17313442173263247,0.47948158209766045,0.16363918268255953
0.9039977139529674,0.07582233682568146,0.24218269661911992,0.6717126587420671,0.1670513628341076,0.4864251280027433,0.1818640045760352
0.9055608502638516,0.09285582392401723,0.15958395659632488,0.6814924728984723,0.1603004190985976,0.4895425978537423,0.19818230276248683
0.9061818609998249,0.11518324795925347,0.07832103534363594,0.6914762102233029,0.15298300777790474,0.491451448519145,0.20919505789803314
0.9066466212968529,0.13482509236605528,0.017144951660413757,0.7016119373484,0.14520054612383146,0.4947732422350325,0.21150066553003005
0.9077410062909017,0.1438018405790879,-0.005193275653981033,0.7118477209056052,0.13705445138818004,0.5021295412374859,0.20169752120583345
0.9101797498084304,0.13480634764962693,0.0282408286875504,0.7221316275267596,0.12864614082275297,0.5158124596305487,0.17685556327093532
0.9137492332879125,0.1093055241000234,0.11067691194477874,0.7324117238437047,0.1200770316793525,0.5338150065085845,0.14019808718112478
0.9175849845587094,0.07491763606260793,0.2187255303140311,0.7426360764882816,0.11144854120978118,0.5511161544344605,0.0992624126088621
0.9208090933930557,0.03938795559999691,0.3286541086146105,0.7527527520923314,0.10286208666584112,0.5626326457021621,0.06167493010685782
0.9225436495631848,0.010461754774806662,0.41673007166582027,0.7627098172876959,0.09441908529933492,0.5632812226056749,0.03506203022782245
0.921935843589888,-0.004289272787612407,0.459814318933967,0.7724553387062159,0.08622095436206473,0.54813071560144,0.026830393159075545
0.9189228443632819,-0.0027563466697426257,0.4534457639215179,0.7819373829797325,0.07836911110583311,0.5170365199089042,0.03747190785062921
0.9143718657105596,0.010737802294581834,0.41515302651218716,0.7911040167400876,0.07096497278244232,0.4754892740613664,0.05933764974300623
0.9092034696971025,0.03150152583488845,0.3637260764954196,0.799903306619122,0.06410995664369476,0.4293028593630591,0.08431172968089828
0.9043382183882914,0.05484317568070473,0.3179548836606598,0.8082833192486771,0.057905479941392814,0.3842911571182152,0.10427825850899695
0.9006922738653149,0.0760861346516301,0.2965561700093216,0.8161921212605943,0.05245295992733884,0.3462502575847006,0.11115335511200004
0.8985899896672388,0.09257550362617857,0.3083946524567307,0.8235777792867145,0.0478538138533352,0.3185833121480756,0.10115829736183914
0.8971729126676052,0.10569705107329518,0.34264452901693027,0.8303883599588793,0.04420945897118425,0.2999108713240235,0.07911878564854356
0.8954419084996494,0.11731713636900962,0.38613803709277106,0.8365719299089297,0.04162131253268836,0.28828465029623407,0.050883917395022585
0.8923978427966075,0.12930211888935095,0.4257074140871021,0.8420765557687074,0.04019079178964985,0.2817563642483985,0.022302790024186524
0.8870416085584445,0.1435183020671976,0.4481851571259871,0.8468503050579623,0.04001931223640811,0.278377769195893,-0.0007755834943854327
0.8788015944755116,0.16095810137769187,0.44446089966944835,0.8508551153227928,0.04118083603704576,0.2768384529177159,-0.013821435672866393
0.8686156012350363,0.1795283878168174,0.41974930907415225,0.8541018967296946,0.04365239248128996,0.27808007482224806,-0.016963022488383557
0.8577544005289781,0.19645537206548333,0.38242510504778443,0.8566123626338563,0.04738962780597547,0.2835410934387962,-0.01135614359494027
0.8474887640492963,0.20896526480459882,0.34086300729803093,0.8584082263904664,0.05234818824793707,0.29465996729666727,0.0018434013534602794
0.8390894634879508,0.21428427671507305,0.30343773553257736,0.8595112013547139,0.05848372004400948,0.31287515492516815,0.02147981270281472
0.8335924005123597,0.2105347225109143,0.27756532165005776,0.8599430008817878,0.06575186943102738,0.33839628885780165,0.04639729079911986
0.8305222445591816,0.20160474973038972,0.26449327979505577,0.8597253383268764,0.07410828264582556,0.36352632450107736,0.07544003598837244
0.8288052076987776,0.19366581158529297,0.26302635270091823,0.8588799270451687,0.0835086059252387,0.3774371239237225,0.10745224861656905
0.8273660104223268,0.19289505213759967,0.27196319480265685,0.8574284803918535,0.0939084855061016,0.3692927453409119,0.14127812902970652
0.8251293732210072,0.20546961544928555,0.2901024605352833,0.8553927117221195,0.10526356762524897,0.3282572469678203,0.17576187757378153
0.8210962812950187,0.23685255648227727,0.3161364903656821,0.852794334391155,0.11752949851951558,0.24540125415046635,0.20974769459479087
0.8152248366947917,0.2835451611313033,0.3474233917764935,0.8496550617541497,0.13066192442573604,0.13572267853087153,0.2420797804387312
0.8081258702026974,0.3359370224943806,0.3804113601495445,0.8459966071662914,0.14461649158074527,0.03053721702354363,0.27160233545159923
0.8004227898397164,0.3842999692524691,0.4115310580371028,0.8418406839827695,0.1593488462213778,-0.03852501083561949,0.2971595599793917
0.7927390036268293,0.41890583008652826,0.43721314799143507,0.8372090055587725,0.17481463458446828,-0.03983388551072084,0.31759565436810505
0.785680857793148,0.4303424916992597,0.4539825739524067,0.8321232852494891,0.19096950290685186,0.05701438283043314,0.3317548189637368
0.7793466257582001,0.41860954199891,0.4611718284372588,0.8266052364101081,0.20776909742536315,0.2459054514087981,0.33848125411228314
0.7732525051016818,0.3944891256063006,0.4613298842889189,0.8206765723958185,0.22516906437683665,0.47888781885747866,0.3366191601597409
0.7668827451674358,0.3693552063544299,0.4571822564175695,0.8143590065618087,0.24312504999810736,0.7057136792414498,0.32501273745210674
0.7597215952993049,0.35458174807629655,0.45145445973339327,0.8076742522632673,0.26159270052600986,0.8761352266256867,0.3025061863353772
0.7512560463602486,0.36148749952775905,0.4468624215244884,0.8006440228553837,0.2805276621973789,0.9401526369562678,0.2679601329765063
0.7413048130263626,0.3947101851307286,0.44496196680677175,0.7932900316933462,0.29988558124904924,0.8777718937928619,0.22222272787823089
0.730330866966198,0.4459119861792024,0.4450558294063857,0.7856339921323435,0.3196221039178557,0.7272747227545887,0.17000218946815723
0.7188712008644598,0.5052642768843958,0.446187877353201,0.7776976175275645,0.3396928764406329,0.5336383602503779,0.11645023333972733
0.7074628074058535,0.5629384314575244,0.44740197867708803,0.7695026212341979,0.36005354505421544,0.341840042689159,0.06671857508638342
0.6966426636188989,0.6091061745382755,0.4477420498014716,0.7610707166074328,0.38065975599543844,0.19685536466977033,0.025958805202311572
0.686818764488416,0.636826203491999,0.44665069299407273,0.7524236170024573,0.4014671555011364,0.13013401940410504,-0.0017081045294106627
0.6779576107139245,0.6490390715116947,0.44493517739280447,0.7435830357744606,0.4224313898081439,0.12682771943500468,-0.015688900279506902
0.6699313186161637,0.6507979136618603,0.4436945159680023,0.7345706862786315,0.4435081051532961,0.16219041352953084,-0.016144497590015065
0.6626120045158727,0.6471558650069934,0.4440277216900014,0.7254082818701584,0.4646529477734273,0.2114760504547451,-0.003235812002973071
0.6558717847337905,0.6431660606115917,0.447033807529137,0.7161175359042303,0.48582156390537246,0.24993857897770913,0.02287624093958118
0.6497809149017879,0.6430706526833531,0.4533403421783868,0.7067201617360359,0.5069695997859663,0.25674276668583895,0.06145595821336708
0.6456437916853721,0.6460604625485141,0.460638431473176,0.697237872720764,0.5280527016520435,0.2354125149181769,0.10818748496353661
0.6452391748723876,0.6493847464904285,0.4654905017449059,0.6876923822136035,0.5490265157404385,0.1988345728803803,0.1573788740131259
0.6503468103330595,0.6502887247639552,0.4644566330823652,0.6781054035697427,0.5698466882879867,0.15991515279888702,0.20333531763314458
0.6627464439376128,0.6460176176239535,0.45409690557434174,0.6684986501443706,0.5904688655315224,0.13156046690013715,0.2403620080945996
0.6839322288244494,0.6341555547733837,0.4314294372852733,0.6588938352926759,0.6108486937078805,0.1256688065833245,0.2631626426886227
0.711949587759651,0.616379232626089,0.3990034726083686,0.6493126723698475,0.6309418190538959,0.14196711999384976,0.2712531432949996
0.7425562720240522,0.5970800997380661,0.3630372583283249,0.6397768747310741,0.6507038878064029,0.17210864933525255,0.26734155984749075
0.7714689872310582,0.5806983130634789,0.3298148708967855,0.6303081557315443,0.6700905462022364,0.20760177744155914,0.25419321581206517
0.7944044389940745,0.5716740295564906,0.30562038676539355,0.6209282287264472,0.6890574404782315,0.23995488714679572,0.23457343465469188
0.8072061505701826,0.574282266093967,0.2964935306278523,0.6116588070709712,0.7075602168712224,0.2608902335678425,0.2112693994235909
0.8092955034716676,0.5881390049602672,0.30158022337440055,0.602521604120305,0.7255545216180439,0.26816396971298023,0.18768500930004195
0.8040827752682858,0.6076659464441897,0.31234059600334274,0.5935383332296378,0.7429960009555312,0.2662593433475791,0.16791173026542472
0.7951875736298355,0.6270122042456352,0.31983144306505346,0.5847307077541578,0.7598403011205184,0.2600126280863187,0.15607711057174628
0.7862295062261149,0.6403268920645038,0.3151095591099072,0.5761204410490541,0.7760430683498407,0.25426009754387846,0.15630869847101364
0.7808096574815272,0.6417872511207798,0.289307322588648,0.5677292464695156,0.7915599488803328,0.25381572066016106,0.17268960868998295
0.780503041017354,0.6286471080810476,0.24182447171836102,0.5595788373707306,0.8063465889488292,0.2610537831892449,0.20444282122906868
0.7830605016908282,0.603967284089421,0.1876652235580803,0.5516909271078881,0.8203586347921648,0.2737437168894681,0.2416179074492085
0.7858085852690878,0.5714528978158363,0.14356514296620482,0.5440872290361769,0.8335517326471742,0.28914403585811316,0.2732466308741481
0.7860738375192715,0.5348090679302288,0.12625979480113367,0.5367894565107857,0.8458815287506922,0.3045132541924626,0.288360755027633
0.7811830539341067,0.49774075919992733,0.15248313001450775,0.5298193228869034,0.8573036693395537,0.317110048911393,0.2759931411933489
0.7696889329226835,0.4631974284935396,0.231046431286452,0.5231985415197185,0.8677738006505934,0.3249928791397114,0.230565554197125
0.754212452464367,0.4316213053058629,0.3444688263141417,0.5169488257644197,0.877247568920646,0.3288743596933444,0.164383366036331
0.7382174144013705,0.40293519783241155,0.4698225074889109,0.5110918889761958,0.8856806203865459,0.3300169657686449,0.09345688850355745
0.7251676205759077,0.3770619142686992,0.5841796672020942,0.5056494445102357,0.8930286012851283,0.32968317256196633,0.033796433391394834
0.7185268728301926,0.35392426281024025,0.664612497845026,0.5006432057217283,0.899247157853228,0.3291354552696619,0.0014123124924337802
0.7210888593875027,0.3334450516525487,0.6926257901052819,0.4961154100376103,0.9043310199836103,0.3293099080234874,0.009603326173398305
0.731606113723295,0.31554708899113837,0.6764553473582339,0.4922320663582603,0.9085106135723217,0.32917436710828296,0.055316365269892774
0.7473237415272705,0.30015318302152355,0.6343081504721948,0.4892053527039738,0.9121042836193559,0.3269624710973126,0.1293987465315102
0.7654842736848404,0.2871861419392181,0.5844082118647378,0.4872475259555052,0.9154305252973965,0.3209066044968562,0.22268736815932372
0.7833302410814154,0.27656877393973617,0.5449795439534361,0.486570842993609,0.918807833779127,0.3092391518131936,0.3260191283544063
0.7982871110696541,0.26822388721859175,0.5327680004864038,0.4873300462316172,0.9225275864192197,0.29048648293841195,0.4302962632994022
0.8099069874339712,0.2620742899712991,0.5473358406792932,0.4890112723990762,0.92656591593797,0.2665925478746097,0.5271805632127193
0.8191139974631402,0.2580427903933719,0.5771591337268156,0.4906692997198642,0.9306955714205906,0.24170618701743912,0.6088238531745565
0.8268551355043405,0.2560521966803244,0.6105291789899966,0.49135171710943154,0.9346859122250433,0.2200129889357816,0.6673861255127981
0.8340773959047512,0.2560253170276707,0.6357372758298659,0.4901061134832284,0.9383062977092894,0.20569854219851505,0.6950273725553381
0.8416989916581364,0.25788495963092467,0.6414384692598268,0.4860215106487052,0.9413330820288528,0.20280519530346572,0.6843303552013303
0.8498678785183968,0.2615539326856005,0.6260225001628212,0.47929577281452596,0.9437298167022854,0.2115418529150226,0.6391921234350816
0.8578963125977599,0.2669550443872122,0.5984408820724677,0.47132981577966854,0.9456631552264247,0.22795827977368802,0.5757852981085412
0.8650546528856892,0.27401110293127384,0.568174634415754,0.4635848693574491,0.9473099334508268,0.24789572551801325,0.5108979258486511
0.8706132583716473,0.28264491651329926,0.5447047766196713,0.4575221633611845,0.9488469872250466,0.26719543978654686,0.4613180532823621
0.8738454546962054,0.2927792933288029,0.5374553652602008,0.4545939142534119,0.950450403103015,0.28171426878793365,0.4437310752078332
0.8743191976797999,0.3043370415732983,0.5501932446466944,0.45535718599482344,0.9522218520445508,0.2888580175011091,0.464627616064594
0.8721429583326656,0.3172409694423002,0.5763067935714044,0.45872683629061217,0.9541264855293775,0.2888741405421869,0.5117954361189587
0.8674831025973306,0.33141388513132175,0.6080727466586563,0.4634418250696138,0.9561148323472258,0.2823144634616193,0.571019019734131
0.860505996416322,0.34677859683587803,0.6377678385327799,0.46824111226066445,0.9581374212878271,0.26973081180985836,0.6280828512733221
0.8513780963310759,0.3632579127514819,0.6576697387332275,0.4718637867474062,0.9601447856975311,0.2516751365165214,0.6687726992237254
0.8405541258534012,0.380774641073648,0.6630308232088238,0.47345924491335695,0.9621019571411438,0.22909831905781894,0.6829601488011408
0.8294163904871673,0.3992515899978911,0.6586754424339989,0.4734971656828946,0.9640206193765392,0.20423491482731368,0.6736640771757157
0.8195334039616499,0.41861156771972385,0.6513494809419503,0.4727122692070188,0.9659218213952374,0.17957717141634566,0.6465426256739408
0.8124736800061237,0.4387773824346618,0.6477988232658762,0.47183927563672956,0.9678266121887595,0.15761733641625136,0.6072539356223042
0.8098057323498642,0.45967184233821734,0.6547693539389742,0.47161290512302617,0.9697560407486259,0.14084765741837055,0.5614561483472982
0.8123382196883924,0.4812177556259063,0.6773848204032814,0.4727529170709952,0.9717249287241255,0.13133392390009951,0.5146934186672876
0.8164425131586012,0.5033379304932408,0.7112962569999658,0.4758917053636674,0.9737117322645769,0.1286515591515959,0.4718442600718714
0.8168838763187484,0.5259551751357368,0.7487259826442738,0.48163004131618087,0.9756817447696828,0.13147458082859345,0.43754625246933454
0.8084253574062942,0.5489922977489068,0.7818915869887906,0.4905686526263383,0.9776002414836302,0.1384757632687094,0.41643664344578646
0.7858300046586978,0.5723721065282661,0.8030106596861064,0.5033082669919432,0.9794324976506056,0.14832788080956177,0.4131526805873326
0.7445117590054833,0.5960174096693273,0.805074179611122,0.5203262030576832,0.9811516818018003,0.1596383102794763,0.4315147291427254
0.6871721443806056,0.619851015367606,0.7897322152568653,0.540718055984429,0.9828193379947079,0.1702822190611168,0.466197103235971
0.6210851546260401,0.6437957318186148,0.764067833503563,0.5627124820526116,0.9845524600064841,0.1776753621840206,0.5061355828955274
0.5535953916645514,0.6677743672178694,0.7352479975931037,0.5845247502723817,0.9864688978688625,0.17922640043212135,0.5401773337057529
0.49204745741891487,0.691709729760882,0.7104396707673793,0.6043701296538879,0.9886865016135762,0.17234399458935215,0.5571695212510012
0.4435947928977309,0.7155246276431684,0.6965994404560326,0.6205016042185352,0.9913129534022046,0.1545797235480342,0.54641805138148
0.4105321907510158,0.7391418690602407,0.6953368695710473,0.6321307429491158,0.9941975033530883,0.1271176495236169,0.5088884186736599
0.3900243961059502,0.7624842622076151,0.702615817146121,0.63948124537249,0.996916533789788,0.09497722488497651,0.4578569992183311
0.37899066306614465,0.7854746152808041,0.7141299752003739,0.6428252450625972,0.9990333693411838,0.06336143906383335,0.40718928858142006
0.3743502457352076,0.8080357364753217,0.7255730357529272,0.6424348755933781,1.0001113346361565,0.03747328149190411,0.3707507823288471
0.3730299689102792,0.8300904339866835,0.7326659449968328,0.6385909714821216,0.9997182447895315,0.022481025323250296,0.3623056801784464
0.3726421218967486,0.8515615160104018,0.7335972921296189,0.632362166650372,0.9978284917677017,0.020409668119762872,0.3864466695667261
0.37202138580172356,0.872371790741992,0.7309562247175438,0.626221981080983,0.9951415177827589,0.027678790579036265,0.4314108406860741
0.37012879650349356,0.8924440663769666,0.7277867621159045,0.622789153381937,0.992431711195618,0.04012855920080152,0.4837446574137936
0.365925389880348,0.9117011511108416,0.7271329236799975,0.6246824221612153,0.9904734603671934,0.053599140484790926,0.5299945836271939
0.35837250667387166,0.9300658235643906,0.7320380451390931,0.6345198343823983,0.9900409871518169,0.0639313184642904,0.5567092578344924
0.347100052830911,0.9473960049568089,0.7440462703459149,0.6534026608364485,0.9915433644678827,0.0683201282594232,0.5552062841395488
0.3338241138239017,0.9633472365715717,0.7600236902524978,0.6776992496744589,0.9942502606881313,0.06818638710942587,0.5316842659945787
0.32066654817051454,0.9775356957151826,0.7759264895693453,0.702857370349051,0.9972097239236838,0.0657728494156778,0.4952362405990801
0.3097492143884225,0.989577559694143,0.7877108530069578,0.7243247923128423,0.9994698022856601,0.06332226957955847,0.45495524515255503
0.30319397099529666,0.9990890058149557,0.7913329652758382,0.7375492850184541,1.0000785438851807,0.06307740200244707,0.4199343168545001
0.30267682870827417,1.005728211700366,0.7837769639509228,0.7389414207354111,0.998297930359105,0.06677776099363858,0.39803439733718643
0.3073522645818363,1.009390891664169,0.7678406695459981,0.7303569925247644,0.9945998642771181,0.07331673976221048,0.390148197270089
0.31548925347885676,1.0100561772132852,0.7483635286930764,0.7155640244901607,0.9898811434437199,0.08058824199657671,0.39472135160818506
0.3253558039712717,1.0077032908823913,0.7301872159179411,0.6983326274285889,0.9850390293239397,0.08648508070725675,0.41019682497191046
0.335219924631016,1.002311455206164,0.7181534057463768,0.6824329121370398,0.9809707833828075,0.08890006890476905,0.4350175819816998
0.34349188894498023,0.9938863063763755,0.7165642447419047,0.671338803380094,0.9784979427548016,0.0859408548460073,0.4672986640075083
0.350116742686924,0.982718434530876,0.7239013820900512,0.6653289327297394,0.9776251207108589,0.07803275718808567,0.5016174340168288
0.3559759575659296,0.9692722916030154,0.7350951488115237,0.66273235562729,0.9778584926106061,0.0670151979641421,0.5303927759407391
0.36196436600811044,0.9540148101475833,0.745025206509087,0.6618503113953149,0.9786971222123781,0.05474777531985864,0.54601277701136
0.3689768004395794,0.9374129227193707,0.7485712167855045,0.6609840393563827,0.9796400732745105,0.04309008740091876,0.5408655244608109
0.37786623023256966,0.9199479912890344,0.7408442691994253,0.6584895642639309,0.9802011360233515,0.03385628677170778,0.5077425622043304
0.38847399107672237,0.9024500691375545,0.7225479816504102,0.6540468178023132,0.9802499703528134,0.02776231942775494,0.4491850900535102
0.3996019171356837,0.886107506383408,0.7001325598045194,0.6486961087356976,0.9800219090963856,0.02439567209733327,0.37775254105653905
0.4100044046602463,0.8721250041111165,0.6803104563018182,0.6435398269774801,0.9797689726638676,0.023292333987031056,0.3064615328479993
0.41843584990120425,0.8617072634051993,0.6697941237823701,0.6396803624410565,0.9797431814650596,0.023988294303436204,0.24832868306246378
0.4236639942648595,0.8560447648771397,0.6752390476777486,0.6382105198702682,0.9801934165160506,0.02601921000675738,0.21627036067409508
0.42556228170681903,0.8551497628314547,0.6985807393725779,0.6394289321909072,0.9811084467925342,0.028893210040136973,0.21489690934963396
0.42592107299544363,0.8569918629250056,0.733571860702968,0.6422574051602017,0.98202609436432,0.03207069901184082,0.2344188148835879
0.42672187977086107,0.8593369822314478,0.7731490971338497,0.6454804502554241,0.9824392138338734,0.03500732256085945,0.263610639838285
0.42994621367319835,0.8599510378244362,0.8102491341301481,0.647882578953846,0.9818406598036599,0.03715872632618294,0.29124694677604995
0.4375750992073408,0.8566004771983368,0.8378099582606633,0.6482485948100934,0.9797234831528685,0.0379809191799578,0.30610577395646754
0.4508179566956064,0.8478919146076759,0.8508304564333615,0.6458259410885758,0.9758916298217626,0.03750525786046898,0.30247053536308705
0.4685491146528796,0.8349745458051859,0.8505463810458954,0.6412621392550939,0.971089901861146,0.037504263966173845,0.29128546414083284
0.4892028741334163,0.8194766936068401,0.8393687668017145,0.6354685431668238,0.9662403973595282,0.04007856626010178,0.2866343778930168
0.5112135361914746,0.8030266808286103,0.8197086484042685,0.629356506680941,0.9622652144054187,0.04732879350528216,0.3026010942229495
0.5330154018813122,0.7872528302864678,0.7939770605570052,0.6238373836546209,0.9600864510873259,0.06135557446474495,0.3532694307339441
0.5532747094045537,0.773441272718454,0.765056574872504,0.6196610660720614,0.9604416875307856,0.0834550652645027,0.4479057601379085
0.5719282593155267,0.7610035949331545,0.7384128638225337,0.6166929503567825,0.9630577059800434,0.1105164839528692,0.5693862706304915
0.5893456962969367,0.7487127804218731,0.7203915882065074,0.6144971106798376,0.9673169388511256,0.13792773125436558,0.6915967719418934
0.6058970296804327,0.7353412746854228,0.7173391501687933,0.6126373673637612,0.9726015284630193,0.16107544311079786,0.7884154998703322
0.6219522687976619,0.7196615232246182,0.7356019518537609,0.6106775407310888,0.9782936171347101,0.17534625546396862,0.8337206902140104
0.6378141730735966,0.7005285669982598,0.7799893383741425,0.6082291746752333,0.983704487465379,0.17664061112005672,0.804697921732406
0.6530861566119258,0.6776563737645555,0.8393264892618911,0.6054001001130067,0.9874085375593121,0.1662021339303397,0.7129264986207497
0.6669567326073771,0.6512684871649865,0.8929556510447718,0.60259258038373,0.9875429937296495,0.14844439913479304,0.5903905058195427
0.6786089609310485,0.6215951485419684,0.9200944296400132,0.60021274875145,0.982239336244618,0.12782264679125793,0.4693422221212095
0.6872259014540405,0.5888665992379122,0.8999604309648488,0.5986667384802129,0.9696290453724441,0.10879211695757303,0.38203392631816
0.6919865185587931,0.5533782472975445,0.8129005266585956,0.5983289478063955,0.9479621043163706,0.09568794034029186,0.359410655164638
0.6919755803885972,0.5169243349187381,0.6652346999684674,0.5988438693299689,0.9182140637849886,0.09008273256634673,0.40235087853675316
0.6861836588475939,0.48279793845252206,0.48925604574960035,0.5991260900144986,0.8840860419922438,0.09078659418305228,0.4816664994324885
0.6735972303512648,0.4543573009522308,0.31838692457919127,0.5980584617958806,0.8493976600870926,0.09648951638643495,0.5668621788116551
0.6532027713150931,0.4349606654712036,0.18604969703446048,0.5945238366100105,0.8179685392184964,0.10588149037252076,0.6274425776340535
0.6240096472667085,0.42793013321805945,0.12539872087380194,0.5874259192818942,0.793592138471513,0.11765467775913699,0.6331866424499384
0.5867686779525152,0.4338380540110663,0.1491981073310039,0.5772549485080862,0.7780714493127635,0.1306663706495472,0.5747415734803337
0.5451660294481409,0.4486218739409282,0.23584274067829783,0.567175379927421,0.7698543868857235,0.14405220045622616,0.4779295133304087
0.5031701343443356,0.4677733410524052,0.36042251803008557,0.5606088251706728,0.7670662380660302,0.15697456404213406,0.37195507034968067
0.464749425231854,0.4867842033902553,0.49802733650075415,0.5609768958686174,0.7678322897293215,0.16859585827022977,0.2860228528876787
0.43387099817937347,0.5011475232144771,0.6237520074641276,0.5716994119251512,0.7702781506665781,0.17807849696338374,0.2493266606567941
0.4129154761722261,0.5079163573003966,0.7185246468529175,0.5940693847718286,0.7729115483320583,0.18460502562900194,0.2782302681636973
0.39960657953466944,0.5087229404036901,0.7803963409220646,0.6231368330416653,0.7753618739753498,0.18741708393516443,0.3514364399999163
0.39081792570818596,0.5060354217676581,0.8105439201157255,0.6528121367362797,0.7774632750317111,0.1857670990024703,0.4407730422617085
0.38342313213425605,0.502321950635601,0.8101442148780633,0.6770056758572931,0.7790498989364002,0.1789074979515184,0.518067941045341
0.3742958162543618,0.5000506762508196,0.7803740556532393,0.6896278304063237,0.7799558931246752,0.1660907079029084,0.5551490024470705
0.3608980253558968,0.5010966900154673,0.7238212099850188,0.6861220017729127,0.7800858422394915,0.1470696519913789,0.5303341242537608
0.3438144248248801,0.5041879058709389,0.6505608591740577,0.6700668692641721,0.7797181197468896,0.12425323336848713,0.45638182713783443
0.32466151321884734,0.5070122892288688,0.573142314126107,0.6477293210394496,0.7792546133226593,0.10092799317983138,0.357431138775352
0.30505644052039865,0.5072571489523767,0.5041164477339588,0.6253779423993254,0.7790972886205567,0.080381026648359,0.25762827167389424
0.28661635671213165,0.5026097939045826,0.45603413289039496,0.6092813186443777,0.7796481112943374,0.06589942899701413,0.18111943834102776
0.27084286680783726,0.49102513611657017,0.4400767213829785,0.6050979259101016,0.7812504354590835,0.06038561952667436,0.1496612996961666
0.2580788571019358,0.4731416904043557,0.4536916070645176,0.6123678872982903,0.7836598415887348,0.06288437495640828,0.16104739490066805
0.24799884986104806,0.45114590857364767,0.48640425822514183,0.6271021803046821,0.7862928746763487,0.07021533359102052,0.1992490228178948
0.24026930060554857,0.4272429250856803,0.5276445303442578,0.6452691877896356,0.788561987763473,0.07917127767155283,0.2480706562996633
0.234556664855813,0.4036378744016909,0.5668422789012677,0.662837292613508,0.7898796338916556,0.08654498943904593,0.29131676819778446
0.23053518699650913,0.3825118699848548,0.5937693557652391,0.6759154279883506,0.7896860598192409,0.08923201976922715,0.31334122459099156
0.22804978789935043,0.3655196559317871,0.6056917403408794,0.6836923908107663,0.7880305528227084,0.08637987680486041,0.31053668212482133
0.22711148928227654,0.35380371833141633,0.6071686306064961,0.6883542740497167,0.7855551130190678,0.07932765356484171,0.29101184184730633
0.2277381863875024,0.348485345199744,0.6030610298355025,0.6922112036805115,0.7829262679506268,0.06950513442930999,0.2633602338572828
0.22994777445724313,0.3506858245527731,0.5982299413013125,0.6975733056784601,0.7808105451596938,0.05834210377840542,0.23617538825359022
0.23375479925857717,0.36149447344125224,0.597498942121837,0.7067273112580049,0.7798692019830438,0.0472675519855267,0.2179931349527695
0.2389390485452036,0.3797598279032197,0.603068485028184,0.7203202596338928,0.7803941175920557,0.03765481907968449,0.2133052134946919
0.24489554916292258,0.4006578552560796,0.6128398054166694,0.7363117870504812,0.7820717721081242,0.030786035947656484,0.21997522807866732
0.2509836627462782,0.41902409597921075,0.6243156249798262,0.7524124223384058,0.7845325285041287,0.02793487889245451,0.23525239136293133
0.2565627509298154,0.4296940905519944,0.6349986654101885,0.7663326943283043,0.7874067497529487,0.03037502421708977,0.2563859160057211
0.2609925968218289,0.42750612964570184,0.6423926010473211,0.7757840302855746,0.790324880866226,0.0393790065403549,0.2806248207564384
0.26401921909915554,0.4098187603582625,0.644874105243094,0.7793011767460273,0.792992546598512,0.0551731291261958,0.3050404276796442
0.26648847108277174,0.3811671482969375,0.6433057812746238,0.7777633433932004,0.7953294516403432,0.07500447327256077,0.32619805425083526
0.2694406745888818,0.3473554009138044,0.6389897849048298,0.7724642787896212,0.797293153466065,0.09559334580656281,0.3405735481769992
0.2739161514336897,0.3141876256609451,0.6332282718966326,0.7646977314978178,0.7988412095500225,0.11366005355531206,0.3446427571651216
0.28095522343339996,0.28746792999043685,0.6273233980129512,0.7557574500803169,0.7999311773665607,0.12592490334592144,0.3348815289221889
0.2912830627555912,0.2718966710917785,0.6224713826400428,0.7468302942863435,0.8005404636091336,0.1298001987708205,0.30931447097240433
0.30400457932476194,0.26649955322670454,0.6193238000661136,0.7385535820548815,0.800748524713013,0.1262559698424832,0.2739287478867101
0.317705431991456,0.2684837049050027,0.6183576802713147,0.7313885177504795,0.8006675213490126,0.11740240352781071,0.23726331257500624
0.3309710428296196,0.2750554253725515,0.6200499736442289,0.7257962254305395,0.8004096291009573,0.1053502067011174,0.207858281553371
0.34238683391320135,0.2834210138752301,0.6248776305734398,0.7222378291524626,0.8000870235526724,0.09221008623671612,0.19425377133787805
0.35072535972944546,0.2909143192191859,0.633207822525816,0.7210574637543129,0.7998062361778084,0.08004421615309706,0.20374055052867185
0.3565695466709173,0.29610314073992156,0.6443456886235084,0.7214674772704586,0.7996191957314884,0.07044524989173497,0.23152284255119365
0.3615174994765035,0.29824722391624336,0.6570008261354786,0.7220455605952674,0.799547212123426,0.06474255404042865,0.2660272585031845
0.3671785351419587,0.29661395650767153,0.6698762547985189,0.7213623950775422,0.7996112570898904,0.06426258728429697,0.2956055533444169
0.37516197066303636,0.29047072627372617,0.6816749943494197,0.7179886620660864,0.7998323023671501,0.07033180830845909,0.3086094820346593
0.38701305655397694,0.2791651028029487,0.6911514451255928,0.7105636036300735,0.8002362693148808,0.08417267573364812,0.2940022348162716
0.40293824042697973,0.26372022242095555,0.6981337123971018,0.6991591812456444,0.800952512008685,0.10483434968310465,0.25352421883818327
0.4218759947939122,0.24674614429190497,0.7034668032629767,0.6852042794513441,0.8022083452532262,0.12930766759776224,0.20101709443931687
0.44271490436628186,0.23091536420803505,0.7080357342793827,0.6701811701959451,0.8042349380655195,0.15450248331641422,0.15079863927593007
0.46434355385559967,0.21890037796158165,0.7127255220024848,0.6555721254282181,0.8072634594625807,0.17732865067785747,0.11718663100427335
0.4856490442501069,0.2133541800673121,0.7184107851030495,0.6428542177297594,0.811520871764938,0.19472065968120986,0.11433562115554347
0.5054223929182765,0.21566689252748292,0.7252927913045241,0.633167816720063,0.816961718146715,0.20520839989542253,0.1458298903146372
0.5223014795658856,0.22521587652928213,0.7324996244672748,0.6271166562761242,0.82310636131035,0.20986450190781689,0.19840686639159627
0.5349105063618042,0.2411987229156566,0.7390635167086018,0.625256540490415,0.8294363849974273,0.2099887019929727,0.25729929552699204
0.5418736754749,0.2628130225295513,0.7440167001458047,0.6281432734554074,0.8354333729495302,0.20688073642546925,0.307739923861388
0.5418165169157337,0.28925580888840097,0.7463918636626735,0.636331434375699,0.840579260216068,0.20184011213805786,0.3349723731529243
0.5343272459210576,0.31932005451329154,0.745552851848207,0.649487558746843,0.8446106800193187,0.19600006323811686,0.33212508789752576
0.5216537446352998,0.3506824089243579,0.7417784125707628,0.6648247316516789,0.8479679351543328,0.19003445215134013,0.31411037458255225
0.5064993449030035,0.380828358991053,0.7355039646047488,0.6791359016320793,0.8512118270000146,0.18453847705638254,0.2995708765216546
0.4915673785687134,0.40724339158282497,0.7271649267245733,0.6892140172299146,0.8549031569352687,0.1801073361318997,0.3071492370284852
0.4795611774769721,0.4274129935691261,0.7171967177046441,0.691852026987057,0.8596027263389993,0.1773362275565464,0.3554880994166967
0.4726905040531299,0.43938307858925474,0.7059588377397495,0.6847449262478627,0.8656812797909148,0.17668343972300674,0.457382817102415
0.4707064425192577,0.44399128324989223,0.6934326044435101,0.6700811873132334,0.8725628085035264,0.17792525542659077,0.5965009173841285
0.4725959875367726,0.4429428348707976,0.6794818066850759,0.6514457315309471,0.879377078782878,0.18062600888122576,0.7474578003517215
0.4773458936227582,0.4379432334452554,0.6639701963956979,0.6324239191362384,0.8852537644635982,0.18434996768790088,0.8848660211183198
0.48394291529429734,0.4306979789665503,0.6467615255066292,0.6166011103643442,0.8893225393803145,0.18866139944760485,0.9833381347970291
0.49133208056546945,0.4229184074612333,0.6279002373157516,0.6072694843120445,0.8908199929521542,0.19315699945053327,1.0203432884272843
0.49806885297902576,0.4163703409791425,0.6091177350060781,0.6049840399392419,0.8899808934570768,0.19773621243129771,1.0000201710288694
0.5024963478358517,0.412849301432661,0.5930649690809552,0.6088077628613965,0.8875841078815814,0.2024635092420847,0.9410448095149333
0.5029555422880949,0.4141511097840869,0.5824021490275808,0.6177886155112015,0.8844139817786785,0.2074050223941633,0.8622396082321485
0.4977874134879029,0.4220715869957184,0.5797894843331503,0.6309745603213498,0.8812548607013775,0.21262688439880328,0.782426971527178
0.48543021374538964,0.4382158156677918,0.5877494238973181,0.6474215652524622,0.8788682193473122,0.21818433940540052,0.7198388702966299
0.4662624912500027,0.4603843216598775,0.6060565793925146,0.6663452802762425,0.8775593396165775,0.22391544719566042,0.6809302131928325
0.4424511483725353,0.4828710032971571,0.6319529043294427,0.6871085329135703,0.8772130343943784,0.22945809056992075,0.6613010909340096
0.41622991094360673,0.49983873061823664,0.6625857171724093,0.7090796501066103,0.8776984053636212,0.23444267253586343,0.6561459942192531
0.3898325047938356,0.5054503736617213,0.6951023363857215,0.7316269587975264,0.8788845542072121,0.23849959610117022,0.6606594137476571
0.36547852741093056,0.49396252600496604,0.7266587264449037,0.7541147096972269,0.8806397810403567,0.2412535720222377,0.6700679707251987
0.34453987570785005,0.4652551935503754,0.7549296124986642,0.7756625796413652,0.8827842919162076,0.2419877759783629,0.6815261167708697
0.32707451070668836,0.42792467130417516,0.778393798739148,0.7950111559589499,0.8850637470917371,0.23945600427933894,0.6951764406438361
0.3130273666862413,0.39131704258259786,0.7955992574482568,0.8108684161289551,0.8872173942823104,0.23236651522467885,0.711418575158332
0.30234337792530364,0.3647783907018741,0.8050939609078921,0.8219423376303553,0.8889844812032927,0.2194275671138944,0.7306521531285934
0.29496729078005374,0.3576473468637966,0.8054279555348419,0.8269421532487702,0.8901044956966775,0.19935002046356984,0.7532745311047676
0.29073383168079686,0.3748996769379417,0.7963655969547172,0.8253120192460249,0.890457508542435,0.1723682124792083,0.7783504192136776
0.2891827825503891,0.4098150548696421,0.7809265950269575,0.8184662953810612,0.8903004692092784,0.14280065946451453,0.8013719316198789
0.28980501693187743,0.453733681613007,0.7626704699728101,0.8081460451096276,0.889952822061011,0.1156431257393316,0.8172387663695982
0.29209140836830905,0.49799575812213603,0.7451567420135268,0.7960923318874769,0.8897340114614369,0.09589137562350883,0.8208506215090599
0.29553283040273104,0.5339414853511385,0.7319449313703552,0.7840462191703581,0.8899634817743596,0.08854117343688903,0.8071071950844914
0.2994814940857327,0.5548497613586976,0.7259260798833417,0.7735521078580941,0.8908944838518794,0.09711777808838493,0.7730515961334088
0.30262029175245936,0.5633575033236964,0.7267645090049296,0.7652051159768452,0.8924607549167168,0.11804837333150475,0.7260730991626895
0.30343042857495167,0.5649214992654222,0.7331522260028736,0.7593143122232769,0.8944997525030131,0.14562126556796864,0.6766786096588495
0.30039306864006854,0.5649991116319363,0.7437810400772601,0.7561887070236673,0.8968489145320182,0.17412432549419457,0.6353756681931322
0.29198937603466824,0.5690477028712986,0.7573427604281753,0.756137310804293,0.899345678924981,0.19784542380659909,0.6126718153367838
0.27702372643372547,0.5817831220243072,0.7726012351520418,0.7594252062750041,0.9018319426092493,0.2116403039468979,0.6175565179402207
0.25721357189702637,0.6012380258356288,0.7889695923074541,0.7659215596684185,0.9041897911249611,0.21548289430045825,0.6453369837110677
0.23581973230484585,0.6219042699979064,0.8062049529239113,0.7752857779558621,0.9063226022145635,0.21205877269050563,0.6840714657525948
0.2161171376963048,0.6382413386170285,0.8240675829685002,0.7871753503956864,0.9081339482833409,0.20407830805214974,0.7217519439831575
0.2013807181105253,0.6447087157988824,0.8423177484083059,0.801247766246242,0.9095274017365765,0.19425186932049981,0.7463703983211099
0.194746924003236,0.6360722013436946,0.8606807753977196,0.8171033881172554,0.9104122952311532,0.18518244092658973,0.746413519032692
0.1967134039372375,0.6129346030369227,0.8782161934327323,0.8332540000364173,0.9108077260726454,0.1774267386336852,0.7197949643924634
0.20541092125183863,0.5811342592230422,0.8933863427027722,0.8472349805773713,0.9108312454618402,0.16970606832224966,0.6728839540193147
0.21888634473673774,0.5466950822971279,0.9046323959458783,0.8565470994975004,0.9106038943104384,0.16067667953459353,0.6123494159859532
0.23518654318163446,0.5156409846542531,0.9103955259000915,0.8586911265541879,0.910246713530141,0.1489948218130264,0.5448602783650811
0.25236566370682795,0.49393277874653996,0.9091453921227303,0.8512157011183219,0.909880191985167,0.1333438807182327,0.4770695699673609
0.26888350963034313,0.48401441521662997,0.9009393609439987,0.8343374652194608,0.9095940502915775,0.11391966198438722,0.4147441776372154
0.28381142262211456,0.4830280746690331,0.8882283121881855,0.8122951514109613,0.9094316250489276,0.09319798813202076,0.36231510379125553
0.2962713864405223,0.4876768929511387,0.8736613348706828,0.7896605654923655,0.9094324117510457,0.07384349209950401,0.3241027249513537
0.305385384843944,0.4946640059103345,0.8598875180068855,0.7710055132632209,0.9096359058917596,0.05852080682521198,0.30442741763939063
0.31027650317304417,0.5006948016447649,0.8495535353946356,0.76089749663157,0.9100814383179598,0.04989144792911986,0.3076035330861432
0.31059775207940127,0.5035581321924193,0.8441442003613305,0.7618335947383139,0.9107291350992264,0.04911731911523347,0.33504690617711474
0.3073808382813073,0.5038616760212107,0.8421215371211072,0.7709243092827736,0.9113330568225264,0.053458813803820955,0.380632359881162
0.30187881588075977,0.5026656695416234,0.8414622660725131,0.7844153358241753,0.911614180600847,0.05954994436231773,0.43702402011901503
0.29534473897975716,0.5010303491641416,0.8401431076140962,0.7985523699217416,0.9112934835471754,0.06402472315815766,0.49688601281139005
0.2890316616802967,0.5000159512992496,0.836140782144404,0.8095811071346988,0.9100919427744993,0.06351716255877612,0.5528824638790165
0.2840685322068155,0.5003981838193371,0.8280394494097666,0.8144893776164149,0.9078623272180517,0.05575090205675344,0.598396323107195
0.28100377861269066,0.5016218381337513,0.817264639775,0.8137364353561739,0.9050738779149368,0.043546443094425805,0.6301729253755259
0.2802162306562249,0.5027428799498695,0.8060719867375876,0.80879570679308,0.9023759375122471,0.03121332942481307,0.6459399224714505
0.28208469750942544,0.5028172277783665,0.7967172245551485,0.8011407414692028,0.9004178705182904,0.023061285544870913,0.6434250854186716
0.28698798834429995,0.5009008001299162,0.7914560874853036,0.7922450889266112,0.899849041441374,0.02340003595155584,0.620356185240889
0.2951470960581937,0.49630687129117157,0.7922073878616426,0.7835134734035908,0.9012303002488857,0.03583121301738252,0.5756087397895283
0.30540942745416244,0.4905886639693435,0.7979574694197106,0.7757515840869861,0.9043520925705731,0.0577934250687819,0.5180479152314479
0.3159151386228854,0.48645273601584393,0.8061827665318058,0.7694566708392792,0.9086081877602072,0.08355197868931188,0.4616824838873952
0.3247985406078315,0.4866151769774914,0.8143472349804461,0.7651234344376269,0.9133890768552293,0.10734595482829132,0.4205637272198876
0.33019394445247036,0.4937920764011057,0.8199148305481508,0.7632465756591875,0.9180852508930811,0.12341443443503983,0.4087429266914433
0.33030102271067235,0.5105163011656964,0.8204809176080178,0.764303956606984,0.9221065313641563,0.12630429422826078,0.43923007581036444
0.3245102916572146,0.5359825216774037,0.8160350386052586,0.7684666498187791,0.9252149278949633,0.1161702473588348,0.5060635865792276
0.31325171169709487,0.5664716181712992,0.8086565268619843,0.7756379423897736,0.9274798623142906,0.09806188324086049,0.5867222681820771
0.2969901492154649,0.5981666217543223,0.8004948937856465,0.7857121288074176,0.9289810797804074,0.07719316804398944,0.6581288352996068
0.27619047059748,0.6272505635334049,0.7936996507836986,0.7985835035591585,0.9297983254515827,0.058778067937878126,0.6972060026124944
0.2513297399366616,0.6499598862033364,0.7904067233280233,0.8141376490145459,0.9300129051440594,0.04796827087264657,0.6812489455025048
0.22351805334283678,0.6653029666720255,0.7920469591885267,0.8318080093714785,0.92978711910634,0.046683373516385344,0.6068826627452495
0.19479374185696585,0.6763527569354507,0.7990173283291248,0.8503650442807629,0.9294020322928379,0.05210365453853686,0.49907608647938545
0.16726909986827454,0.6865060812903571,0.8116324195603604,0.8685263856495968,0.9291481730330371,0.06103175563763758,0.3850566419731336
0.14305642176599462,0.6991597640334881,0.8302068216927728,0.8850096653851738,0.929316069656421,0.07027031851222179,0.29205175449474147
0.12426615631152003,0.7177041982007646,0.855052756863432,0.8985338523315979,0.9301958194801826,0.07662505189753828,0.24725469370432046
0.11226824208520311,0.7429494006353988,0.8855328810125291,0.9083543265064494,0.9319045873466372,0.07813223326675647,0.2641546795542205
0.10656267184364332,0.7691893890643422,0.9186119933192235,0.9150810203147515,0.9341228467905806,0.07593558808123212,0.32163528959574245
0.1063588184025904,0.7897054891602041,0.9508822270911707,0.9195343855946121,0.93646320242764,0.07166178967121284,0.3932018227049567
0.11086605457779268,0.7977790265956001,0.9789357156360333,0.9225348741841396,0.9385382588734432,0.06693751136694587,0.45235957775794683
0.11929375318499913,0.7866913270431442,0.9993645922614718,0.9249029379214434,0.9399606207436181,0.06338942649867846,0.4726138536307934
0.1308123806977084,0.7523626472412782,1.0094371141596878,0.927149831227163,0.9404590684782663,0.062237466657052966,0.43524872189409963
0.14441603477977807,0.7026759498490531,1.009486518620839,0.9283851660825122,0.9402890265216702,0.06285773663498778,0.35681070237743423
0.15904886191792467,0.6489022752915491,1.0007141066484422,0.9273215812741398,0.9398550754415705,0.06410413256966262,0.26383334608165987
0.17365500540117,0.602312880886348,0.9843212348163166,0.9226716901759041,0.9395618053541435,0.06483051716834534,0.1828508433413046
0.1871786085185367,0.5741790239510318,0.9615092596982795,0.9131481061616622,0.9398138063755659,0.06389075313830365,0.14039738449089512
0.19867790907338956,0.5741470763819393,0.9336161885746025,0.8977393639428827,0.9409584277977671,0.06032056353388046,0.15922681237708575
0.2081704181295022,0.5982018493529108,0.9031289478428663,0.8777538640253058,0.9428617548272021,0.054684699944038906,0.23030891536339837
0.21615361201148406,0.6354926934591913,0.873109317059376,0.8556607345582046,0.9451490757547344,0.04831295204411119,0.3287105658976294
0.22312853549456757,0.6751181389439069,0.8466233497045714,0.8339377334805911,0.9474438885918588,0.04254079742240728,0.4293804012659114
0.22959623335398557,0.7061767160501844,0.8267370992588916,0.8150626187314762,0.9493696913500712,0.038703713667236954,0.5072670587543809
0.2360058330106982,0.7183252991422485,0.8163477941086824,0.8014182969900232,0.9505684756915617,0.038053313299858255,0.53862826475354
0.2419013622211442,0.7109546383526515,0.8154094553414026,0.7937340882941614,0.9510046417924748,0.04037914966845403,0.5225437119469034
0.24605805883866014,0.6917234190503134,0.8213761494618218,0.7913347593895046,0.9509164429966438,0.04422890588961303,0.4774780270122242
0.24722673320970318,0.668553031725604,0.8316225094942227,0.7935004487882931,0.9505508340500807,0.04811080593314911,0.4225117729273931
0.24415819568072997,0.6493648668688986,0.8435231684628847,0.7995112950027667,0.9501547696987968,0.05053307376887523,0.3767255126703136
0.23563750679831053,0.6419717045549634,0.8544876660990149,0.8086472933057532,0.9499717232645171,0.05002718328492281,0.35891915001660535
0.222108587920722,0.6489259304200938,0.8636161999399505,0.8201815013683401,0.9500765501251383,0.04625068583015215,0.3742992505843784
0.20638149523952842,0.6652767071479063,0.8724204563580341,0.8333770813351072,0.9503035955521081,0.04046732604342523,0.4086833687569518
0.1914476061048226,0.685498211981916,0.8825969184426746,0.8474964370386765,0.9504687740957988,0.03406393403788215,0.44640324419132216
0.18029829786669335,0.7040646221656407,0.8958420692832835,0.8618019723116729,0.9503880003065833,0.028427339926661733,0.471790616544494
0.17592110331831018,0.715455902834394,0.9138459045583902,0.8755552065980396,0.9498777083895423,0.024942678160809376,0.46920097442073977
0.18000025045673568,0.7161141144423593,0.9360991876581577,0.8877178515791365,0.9489304954959147,0.02442025374159199,0.4310406995488437
0.1910251404779535,0.7072910555262606,0.9567016435313433,0.8965166919430813,0.9479707918396449,0.02626127647037659,0.3694515488389374
0.20700460496286385,0.6909620110973325,0.968942070766691,0.90006796379297,0.947487984473231,0.029654998386812192,0.29954389760988887
0.22594747549236727,0.6691022661668087,0.9661092679529434,0.8964879032318982,0.9479714604491712,0.03379067153054801,0.23642812118056827
0.24586258364736396,0.6436871057459234,0.9414920336788427,0.8838927463629611,0.9499106068199633,0.0378575479412332,0.19521459486984552
0.2649934508386807,0.61672619257932,0.8912742525918749,0.8614089997897203,0.953451932633269,0.04112120455031918,0.1873345207405019
0.2826146786359153,0.5903802236462189,0.8243590046880368,0.8326016661015335,0.9572355556807619,0.0431825420720677,0.20805511732751536
0.29828394435834904,0.5668513613044621,0.7531413348973212,0.8022543055022467,0.9594880247115274,0.043734521988661935,0.24820589605260296
0.31155893320313893,0.5483417690658563,0.6900163853296122,0.775150512107642,0.9584358769652,0.04247010834429649,0.2986162448379951
0.32199733036744227,0.5370536104422082,0.6473792980947919,0.7560738800335014,0.9523056496814145,0.039082265183165626,0.3501155516059258
0.3293168728564109,0.5345471671992813,0.6359377102178422,0.7491370065080845,0.9396372866281292,0.03344303562357276,0.394611690833917
0.33453558392999255,0.5371679720660442,0.652689699961047,0.7530012036990036,0.9215168958812309,0.02687932956414011,0.4327743327042176
0.339303614549331,0.5387264334411174,0.6879685117217406,0.7636776686309575,0.9002683906421387,0.02142533315900768,0.46953265084053564
0.3452753213288675,0.5330160931090206,0.7320630476220137,0.7771599666610783,0.8782239194406646,0.01911993819174783,0.5098441580687045
0.3541050608830419,0.5138304928542752,0.7752622097839474,0.7894416631464947,0.8577156308066257,0.02200203644593338,0.558666367214549
0.3673338165211612,0.47543636219724844,0.8082487708457744,0.7966795712208717,0.8409800315913645,0.03193622741929634,0.6204673286370495
0.38460992662560306,0.4199997890361539,0.8282807464745847,0.7977557493983624,0.8286569940826854,0.047877489070282664,0.6915440452540252
0.4040173864861919,0.35621598172818103,0.8380508410462264,0.7938047752609203,0.8200667113114618,0.06637588637436652,0.7614398381692224
0.42359322639462216,0.2929761670944989,0.840414920167757,0.7860288519352416,0.8144897566534401,0.083909283563923,0.8194952681998012
0.441374476642593,0.23917157195626246,0.8382288494462373,0.7756301825480226,0.8112067034843662,0.0969555448713315,0.8550508961629386
0.45542493679262447,0.20355840316910934,0.8343307617278353,0.7638146299721053,0.8095017332791025,0.10204383977966265,0.8576635342182534
0.46502095523006615,0.18877696322449627,0.8307555614672458,0.7519538300261667,0.8088224610392206,0.09802727560891596,0.8266853794073483
0.4711213785842069,0.18898129974387778,0.8284236162587155,0.741649440351521,0.8088432774775113,0.08698358969484789,0.7750604261101275
0.47480898529370275,0.19770036791573461,0.8281731975812536,0.7345200618586781,0.8092552774693484,0.07122804368197644,0.7167338323289316
0.47716655379720907,0.20846312292854924,0.830842576913869,0.7321842954581481,0.8097495558901054,0.05307589921481967,0.6656507560661026
0.479275060945597,0.21480893880684337,0.8372664542534903,0.7362544457838655,0.810017721298155,0.03484147041776941,0.6357302459607307
0.48169358234694426,0.21329541800961482,0.8472449083851155,0.746518851633016,0.80990019087389,0.01856458468981416,0.6333277396807604
0.4837391068247517,0.2076633259085019,0.8581156952843442,0.7584249465211267,0.8095915354338445,0.005631811100192077,0.6467978340058274
0.48454782673610336,0.20269899931864394,0.8668581585608761,0.7667883076830553,0.8093378759171191,-0.0026653686776415544,0.6618749477492967
0.48325593443808357,0.2031887750551803,0.8704516418244101,0.7664245123536593,0.809385333262815,-0.005035472970230185,0.664293499724535
0.47899962228777593,0.21391898993325137,0.865875488684644,0.7521491377677937,0.8099800284100327,-0.00018702010411658296,0.6397879087449052
0.4711860689105684,0.237898950144776,0.8513433084238652,0.7210763651117044,0.8112907151077265,0.012391166534634833,0.5795429782308212
0.460376324640915,0.27057128562492544,0.8303242690284518,0.6801079345002052,0.8131567141321845,0.029887689548152657,0.4979514942099771
0.4474385025983417,0.3053650188455089,0.8076861224695596,0.6387502041179108,0.8153296791427281,0.048606964135704214,0.41558223933023536
0.43324071851245305,0.33570915516237465,0.7882966326065157,0.6065095542890749,0.8175612630534959,0.06485339798083337,0.35300404873634506
0.4186510881128569,0.355032699931364,0.7770235632986511,0.5928923653379586,0.8196031187786257,0.07493139876708035,0.3307857575730694
0.40442879367444307,0.3579039968295314,0.7780033181735829,0.6059239512051015,0.8212520702502439,0.07569463422484765,0.36594625280152104
0.39047763364111004,0.34783787507912245,0.7896294028807492,0.6419997712507642,0.8226596401339169,0.0683097553120041,0.44762897866316304
0.37629741497513364,0.332574523115111,0.8075829946633917,0.6920225901960425,0.8241448726938894,0.055980403190276466,0.5518120131660557
0.361385553331595,0.31987914012730145,0.8275292159449403,0.7468626603927648,0.8260278037885924,0.04192227637794316,0.6543955058557072
0.34523946436557224,0.31751692530549497,0.8451331891488301,0.7973902341927707,0.8286284692764575,0.029351073393279827,0.7312796062776499
0.32738111774854567,0.3327412606761428,0.8562152303868665,0.8349127256819971,0.8322221829435055,0.021323309115746654,0.7597073745592791
0.3077252758283638,0.3646179458304099,0.8590783023250825,0.8577308621679907,0.8363688358022274,0.018349024295985398,0.738404524946712
0.28650261020762324,0.4056277974385742,0.8540220724306402,0.8697698453973282,0.8400529296361048,0.018890220623133336,0.6833745104551373
0.2639527407456313,0.4480651098810533,0.8414027656373113,0.8751141926173506,0.8422426680972729,0.021350888256146554,0.6111101829998561
0.2403152873016909,0.4842241775382744,0.821576606878867,0.8778484210754017,0.8419062548378679,0.02413501735398127,0.5381043944961579
0.21583184576141315,0.5065326848752733,0.7949302735993187,0.8820084029916921,0.8380417602137132,0.025666258006059015,0.4806214795160018
0.19082788672583942,0.5130802123290482,0.763143035158856,0.8895652163105113,0.8309149812621011,0.02520274872299211,0.4452260904585551
0.16574210484467006,0.5095994397104582,0.7296390549450711,0.899702634526258,0.8225030430018616,0.02312911955834689,0.42538909716169976
0.14102120681638103,0.5023638938125276,0.6979659699029055,0.911407193713491,0.8149041687823608,0.019909714242254215,0.41365481696975
0.11711189933945018,0.4976471014282797,0.6716714169773024,0.9236654299467687,0.8102165819529644,0.01600887650484493,0.40256756722702297
0.0944608163663967,0.5017100041682899,0.6542985661697728,0.9354651154964895,0.8105337459904035,0.011890746928739657,0.3846853743270923
0.07349640266620393,0.517666781913022,0.6482736861816171,0.9461031173778232,0.8167589799208967,0.007968671695099742,0.35599403472053504
0.054605069316186756,0.5413597096767809,0.6534419796224952,0.9555905948757143,0.8270452778451054,0.004538615344264901,0.32040063661607177
0.038167308028198996,0.5676070015168208,0.669285172260627,0.9640392969883742,0.8391583212644063,0.0018800122284536782,0.28292777863795165
0.024563610514093535,0.591226871490397,0.6952849898642353,0.971560972714014,0.8508637916801766,0.00027229669988454506,0.24859805941042162
0.01417446848572624,0.6070375336547599,0.730923158201536,0.9782673710508438,0.8599273705937913,-5.096889223699455e-06,0.22243407755773648
0.007195329520175012,0.6113034832953461,0.7749090152220514,0.9842401789552823,0.8646831596272063,0.0012012996082150639,0.20813996140566687
0.003057967422590398,0.606257991968929,0.8227642684237031,0.9894370178851228,0.8658111198809841,0.003525094106343484,0.20397853638628544
0.0009971779599940596,0.5956738863187281,0.8691884244960089,0.9937835084891536,0.8645962912403834,0.006465804476473654,0.20680912658296727
0.0002477566835812605,0.5833239946748344,0.9088809892276147,0.9972052713811003,0.8623237142536393,0.0095229484429971,0.2134910545412893
4.4499144547352856e-05,0.5729811453673411,0.9365414684071578,0.9996279271746871,0.8602784294689881,0.01219604373030465,0.22088364280682665
-0.00029191339675667334,0.5679175995673661,0.9476273684250572,1.000998609243821,0.8596108927995001,0.014034272529344553,0.22584621392515597
-0.0007887870306938986,0.5676054970675714,0.9433506568665048,1.0014277679088208,0.8604498432115102,0.014963851356487569,0.22523809044185367
-0.001174299154520133,0.5697735677086306,0.9275633182835604,1.001100779620342,0.8624552789876602,0.015083971570147512,0.21591859490249482
-0.001175061964493213,0.5721414188797125,0.9041311512063067,1.0002034128825503,0.8652847457091204,0.014494729625446104,0.19474704985265712
-0.0005176876568710864,0.5724286579699852,0.876919954164822,0.998921436199611,0.86859578895706,0.013296221977505119,0.1585827778379164
0.0010712115720883366,0.5683548923686182,0.8497955256891867,0.9974406180756898,0.8720459543126495,0.011588545081446296,0.10428510140384904
0.003865023526127406,0.5576397294647788,0.8266236643094781,0.9959467270149519,0.8752927873570587,0.009471795392391204,0.028713343096024968
0.008137136008987814,0.5380027766476374,0.8112701685557799,0.9946255315215635,0.8779938336714574,0.007046069365461901,-0.07127317453996868
0.01416093682441181,0.5071636413063622,0.8076008369581698,0.9936628000996894,0.8798066388370156,0.004411463455779979,-0.19881512895856018
0.022209813776141476,0.4628419308301218,0.8194814680467271,0.9932443012534955,0.8803887484349031,0.0016680741184671795,-0.3570531976141734
0.03255715466791977,0.4027572526080803,0.8507778603515348,0.9935558034871476,0.8793977080462901,-0.0010840021913549607,-0.5491280579612475
0.045476347303487256,0.3246292140294149,0.9053558124026679,0.9947830753048104,0.876491063252346,-0.0037446690185642915,-0.7781803874541776
0.0612407794865867,0.22617742248329098,0.9870811227302079,0.9971118852106504,0.8713263596342417,-0.006213829908039278,-1.0473508635474005
0.08012383902096022,0.10512148535887667,1.0998195898642342,1.0007280017088322,0.8635611427731464,-0.008391388404658185,-1.3597801636953406
0.10239891371035163,-0.04081898995467048,1.2474370123348384,1.0058171933035223,0.8528529582502287,-0.010177248053299386,-1.7186089653524488
0.1283393913584998,-0.21392439606816072,1.4337991886720793,1.0125652284988855,0.8388593516466618,-0.011471312398840881,-2.1269779459730964
0.1582186597691483,-0.41647512559243416,1.662771917406045,1.0211578757990867,0.8212378685436121,-0.012173484986161068,-2.5880277830117326
0.19231010674603927,-0.6507515711383229,1.938220997066817,1.0317809037082943,0.7996460545222535,-0.012183669360138212,-3.104899153922779
0.23088712009291473,-0.919034125316657,2.2640122261844735,1.0446200807306711,0.773741455163754,-0.011401769065650567,-3.6807327361606625
0.27422308761352016,-1.2236031807382943,2.644011403289122,1.0598611753703837,0.7431816160492781,-0.00972768764757627,-4.318669207179852
0.32259139711159135,-1.5667391300140183,3.082084326910791,1.0776899561315965,0.7076240827600069,-0.0070613286507937995,-5.021849244434682
